,Accelerometer X_mean,Accelerometer X_std,Accelerometer X_aad,Accelerometer X_min,Accelerometer X_max,Accelerometer X_maxmin_diff,Accelerometer X_median,Accelerometer X_mad,Accelerometer X_IQR,Accelerometer X_neg_count,Accelerometer X_pos_count,Accelerometer X_above_mean,Accelerometer X_peak_count,Accelerometer X_skewness,Accelerometer X_kurtosis,Accelerometer X_energy,Accelerometer X_mean_fft,Accelerometer X_std_fft,Accelerometer X_aad_fft,Accelerometer X_min_fft,Accelerometer X_max_fft,Accelerometer X_maxmin_diff_fft,Accelerometer X_median_fft,Accelerometer X_mad_fft,Accelerometer X_IQR_fft,Accelerometer X_above_mean_fft,Accelerometer X_peak_count_fft,Accelerometer X_skewness_fft,Accelerometer X_kurtosis_fft,Accelerometer X_energy_fft,Accelerometer Y_mean,Accelerometer Y_std,Accelerometer Y_aad,Accelerometer Y_min,Accelerometer Y_max,Accelerometer Y_maxmin_diff,Accelerometer Y_median,Accelerometer Y_mad,Accelerometer Y_IQR,Accelerometer Y_neg_count,Accelerometer Y_pos_count,Accelerometer Y_above_mean,Accelerometer Y_peak_count,Accelerometer Y_skewness,Accelerometer Y_kurtosis,Accelerometer Y_energy,Accelerometer Y_mean_fft,Accelerometer Y_std_fft,Accelerometer Y_aad_fft,Accelerometer Y_min_fft,Accelerometer Y_max_fft,Accelerometer Y_maxmin_diff_fft,Accelerometer Y_median_fft,Accelerometer Y_mad_fft,Accelerometer Y_IQR_fft,Accelerometer Y_above_mean_fft,Accelerometer Y_peak_count_fft,Accelerometer Y_skewness_fft,Accelerometer Y_kurtosis_fft,Accelerometer Y_energy_fft,Accelerometer Z_mean,Accelerometer Z_std,Accelerometer Z_aad,Accelerometer Z_min,Accelerometer Z_max,Accelerometer Z_maxmin_diff,Accelerometer Z_median,Accelerometer Z_mad,Accelerometer Z_IQR,Accelerometer Z_neg_count,Accelerometer Z_pos_count,Accelerometer Z_above_mean,Accelerometer Z_peak_count,Accelerometer Z_skewness,Accelerometer Z_kurtosis,Accelerometer Z_energy,Accelerometer Z_mean_fft,Accelerometer Z_std_fft,Accelerometer Z_aad_fft,Accelerometer Z_min_fft,Accelerometer Z_max_fft,Accelerometer Z_maxmin_diff_fft,Accelerometer Z_median_fft,Accelerometer Z_mad_fft,Accelerometer Z_IQR_fft,Accelerometer Z_above_mean_fft,Accelerometer Z_peak_count_fft,Accelerometer Z_skewness_fft,Accelerometer Z_kurtosis_fft,Accelerometer Z_energy_fft,Resultant (m/s^2)_mean,Resultant (m/s^2)_std,Resultant (m/s^2)_aad,Resultant (m/s^2)_min,Resultant (m/s^2)_max,Resultant (m/s^2)_maxmin_diff,Resultant (m/s^2)_median,Resultant (m/s^2)_mad,Resultant (m/s^2)_IQR,Resultant (m/s^2)_neg_count,Resultant (m/s^2)_pos_count,Resultant (m/s^2)_above_mean,Resultant (m/s^2)_peak_count,Resultant (m/s^2)_skewness,Resultant (m/s^2)_kurtosis,Resultant (m/s^2)_energy,Resultant (m/s^2)_mean_fft,Resultant (m/s^2)_std_fft,Resultant (m/s^2)_aad_fft,Resultant (m/s^2)_min_fft,Resultant (m/s^2)_max_fft,Resultant (m/s^2)_maxmin_diff_fft,Resultant (m/s^2)_median_fft,Resultant (m/s^2)_mad_fft,Resultant (m/s^2)_IQR_fft,Resultant (m/s^2)_above_mean_fft,Resultant (m/s^2)_peak_count_fft,Resultant (m/s^2)_skewness_fft,Resultant (m/s^2)_kurtosis_fft,Resultant (m/s^2)_energy_fft,Novel Movement,Novelty Score,PT,CUET All Score,CUET Score,CUET,Class,CUET Change,class,cuet
0,-0.13535971665562893,0.027741070032311726,0.022038311132450264,-0.19957116953642398,-0.06916312582781445,0.13040804370860945,-0.13513897798013266,0.017183475993377464,0.036887846523178815,78.01523178807948,21.842384105960264,50.262582781456956,17.89039735099338,0.006471458399462572,0.7497440720990981,0.07387319345211642,0.15184459009240242,0.2273674976504754,0.13444791242593082,0.015770920621940136,1.2818946912220184,1.2661237706000779,0.0710659616579955,0.03333703728710443,0.11067547570134226,14.078145695364238,15.30794701986755,2.8713393182458353,10.31607954984028,0.21492652550103644,0.8848400993973532,0.036876794524344766,0.028010323893840998,0.7981698241721897,0.9888490013245056,0.19067917715231714,0.884672454966889,0.02101330430463572,0.04397834453642376,0.008609271523178808,99.99139072847682,49.73046357615894,18.254635761589405,0.07230289304338768,1.5967882216645966,0.7959719815378062,0.21908274944536268,0.29150685346621685,0.2009056439867534,0.017706439718678694,1.4150369833913679,1.3973305436726873,0.09547349120095631,0.052163227447951085,0.1995702891903111,15.860596026490066,15.367549668874172,2.105743995997429,5.486259159897914,0.37586950193035334,-0.022961072152317845,0.05020618817981797,0.04118187599920533,-0.12545674635761597,0.08247363476821164,0.20793038112582807,-0.023162097350993456,0.03082858857615899,0.07145576266556301,59.73807947019868,40.20894039735099,49.92119205298013,19.470529801324503,0.03094946727353905,0.21148499101047816,0.10412391502875329,0.2581395609810953,0.4252024477027029,0.23308082135566507,0.031742584966897615,2.5260942505819868,2.4943516656150866,0.11841949629236195,0.050722121655845095,0.15124338835198983,12.949337748344371,15.294370860927152,3.2572591992101327,12.829924397006213,0.6954923351192573,0.9854471183802778,0.030432101834728623,0.02211218607235127,0.9136458926694625,1.0827480612792408,0.1691021686097792,0.9843985994286045,0.016202092074861764,0.0327066021783779,0.0,100.0,49.33973509933775,19.17152317880795,0.12863096208677607,2.017204089534151,0.9739690900186742,0.19007064112881397,0.23254783394977305,0.16834856425293598,0.016374178204605717,1.0513908994497916,1.0350167212451815,0.08753863419606905,0.04765861242527182,0.17994622058100504,16.297350993377485,15.498013245033112,1.8455813228624156,3.789031985743923,0.2774637676744139,0.036754966887417216,1.2564364834334325,1.0,83.0,22.0,Cuet2,Hand,9.0,,
0,-0.09987409009626963,0.11928580741628253,0.09394952457545133,-0.3952612454873646,0.20457602406738837,0.599837269554753,-0.1033371305655837,0.07647996269554758,0.1591796558363419,73.03128760529482,26.84717208182912,48.97111913357401,17.69554753309266,0.07289369018491347,1.1753432580285617,0.14246476110809847,0.6981470056405428,0.9405966575240308,0.5393198630948516,0.07544281253907367,5.66132587129558,5.585883058756524,0.404322522618468,0.18896968956682686,0.537064990038131,15.234657039711191,14.936221419975933,2.7410918292652835,10.085862162343473,3.8950815644059307,0.6058372737424791,0.1377714270117915,0.1033399928240673,0.2572062081829129,1.017969002406741,0.760762794223826,0.6019309398315277,0.07494128219013234,0.1605099774368231,12.365824308062574,87.62454873646209,49.998796630565586,16.81708784596871,0.14618559224879837,1.936909647510904,0.5901083567826811,0.8413923791320177,1.0544094905086263,0.6782543987683851,0.08781100739216186,5.6714611052578165,5.583650097865657,0.4540518515517615,0.21552535257407213,0.6974937286689978,15.590854392298436,14.993983152827917,2.307460295758726,6.980339404833195,4.423017114472867,0.04984162731648612,0.11108237178119416,0.08372393545294828,-0.23860445367027652,0.37522411793020516,0.6138285716004813,0.0429007045728037,0.062000481347773716,0.13026648225030085,53.439229843561975,46.541516245487365,48.73886883273165,19.1395908543923,0.06265056746287932,1.60558831582795,0.337526472165185,0.6987529466055395,0.8336160692822294,0.5207888781849207,0.07144378983222785,4.610994445606856,4.539550655774626,0.42108199177990013,0.19481732467183277,0.5252550999476041,15.097472924187725,15.0661853188929,2.667366435835921,9.246839283527025,2.6702684926925664,1.0136651756141772,0.12202249667123098,0.09100603191366248,0.7663081822348882,1.4291844063811359,0.662876224146249,1.0036049893549581,0.06836298410739444,0.1415220325173732,0.0,100.0,47.18892900120337,18.738868832731647,0.44127046513827267,2.687877855385435,1.0700995900559644,0.749114677514473,0.9258410828176664,0.5747480916047943,0.07595040393119966,5.131578950544761,5.055628546613572,0.43654762387225354,0.20192377941203415,0.5805291345007599,16.51744885679904,14.989169675090253,2.146838796962029,6.389695974256136,3.830726819005143,0.148014440433213,1.4585380131662216,1.0,83.0,40.0,Cuet2,Side,10.0,,
0,0.13881984081871343,0.04630210688906595,0.03782693068684206,0.03594414912280692,0.23594598245614054,0.20000183333333338,0.13858599853801176,0.03127348172514615,0.06591890058479531,25.710526315789473,74.18713450292398,49.691520467836256,13.91812865497076,-0.0008418024533136458,0.18841181475470356,0.08659328213940119,0.2318555417007057,0.39533213496927583,0.22338331953762158,0.023771815775214613,2.2716422611002898,2.2478704453250726,0.09562238135261752,0.04213376307402281,0.1314596627102247,11.650584795321638,15.046783625730994,3.3581321298276685,13.317317450812116,0.42283361227544547,0.6040348086403502,0.09079561945756119,0.07354599306520467,0.40459184356725136,0.7999386856725156,0.3953468421052635,0.6078649137426896,0.05983699707602333,0.12502372660818709,6.39766081871345,93.58771929824562,50.92690058479532,13.198830409356725,-0.05148085592753053,0.3682909564082745,0.4777422807350563,0.4549355682502346,0.7791103915883475,0.4619509042873569,0.0386117797877369,4.330542425053506,4.291930645265768,0.16499395135172357,0.08625914181656318,0.31117775052768065,12.894736842105264,14.988304093567251,3.0950164914425464,11.631578787989618,1.7855198591576342,0.5477433677339185,0.0839238210729556,0.06886877334590644,0.38006032602339235,0.7328596593567246,0.35279933333333313,0.5434656396198829,0.0576901045321637,0.12036471125730987,8.368421052631579,91.59649122807018,49.103801169590646,13.567251461988304,0.09376930350038531,0.15514517462249047,0.43364347773779527,0.38560230531985057,0.7400683977998747,0.4091971044620363,0.032052762813980534,4.315912368386518,4.283859605572543,0.13180515252095246,0.061580487632472036,0.20508585351524286,11.584795321637428,15.271929824561404,3.382787728563021,13.664103119828958,1.408854757959613,0.9941023628291521,0.0664278940722092,0.05270687055826433,0.8567436483983492,1.1629149447620808,0.3061712963637325,0.9896982667211209,0.04295163764958524,0.08825505937444134,0.0,100.0,48.47953216374269,14.869883040935672,0.18138215811255298,0.6643413496555167,0.9979790406122541,0.3305740682073315,0.5696975167419537,0.33741960669431326,0.02002287690048732,3.2013260791325804,3.181303202232091,0.1228425571200335,0.06878342735219858,0.2318878658107589,13.548245614035087,15.125730994152047,2.984660021307031,11.311385334621658,0.9499510686223192,0.03070175438596491,1.16863605921409,2.0,36.0,4.0,Cuet2,Hand,3.0,,
0,0.03181021204702633,0.07110741022299233,0.059005222371784204,-0.11651357952973698,0.16259134854771748,0.27910492807745535,0.032790161134163213,0.044744673582295974,0.10450336445366515,46.59751037344398,53.31120331950208,50.82295988934993,16.29875518672199,-0.10408175507866466,0.23992502678265964,0.129536674586989,0.35824555812936304,0.6096864385371268,0.3268928420244532,0.06946420365119785,3.702071885323708,3.6326076816725106,0.15669956715870437,0.05480368265315402,0.17683940413361832,11.504840940525588,14.786998616874136,3.3666925840073096,13.203922991181125,1.4233164987265998,0.6018781451867219,0.09629973876837696,0.07710210399114793,0.40955640525587855,0.8434947676348558,0.43393836237897665,0.5950287655601655,0.06106778008298749,0.12978570504840928,3.6749654218533885,96.31673582295988,48.25726141078838,12.919778699861688,0.17057536845042665,0.6196426604643018,0.45464627117527423,0.49490729817077866,0.8183354114467026,0.496660186835438,0.05033028264488617,4.326493574648962,4.276163292004077,0.18205360832808226,0.08358435846207773,0.31087401587839486,11.96957123098202,15.029045643153527,2.9392128614918014,9.694359544454157,2.1340769168438976,0.5831117366943297,0.08580856310292663,0.06879933588160442,0.40482674412171504,0.7773551272475795,0.3725283831258641,0.5812061943291839,0.05469504011065009,0.11592308609958497,1.8229598893499308,98.16597510373444,50.04287690179807,15.41908713692946,0.017800038152960877,0.32111946660113566,0.418408024828278,0.41938430822386125,0.7428116917312844,0.43253804511234306,0.04786610551864583,4.099921765789022,4.052055660270371,0.14648128956309636,0.06149171112644844,0.22732754124792573,12.354080221300139,15.174273858921161,3.0933366006127585,11.279022087730278,1.8071072732914144,0.9939073093070351,0.07135460315359768,0.055167968186839854,0.8573511204298196,1.1954409845937444,0.3380898641639237,0.9866167852092177,0.04115765537196525,0.08662596090747526,0.0,100.0,47.64038727524205,15.18533886583679,0.3058153735155364,0.9834710937796504,1.0025909705905425,0.36530052257615914,0.6062292694339094,0.3752034045167266,0.025488788373618933,3.178379102240655,3.1528903138670357,0.12862833511324928,0.06554700801951263,0.2535661645887036,13.063623789764868,15.23789764868603,2.820942541102443,9.42554783875774,1.3183494831262041,0.024896265560165973,1.157315801302319,2.0,36.0,18.0,Cuet2,Side,3.0,,
0,-0.09710825073454907,0.06656421748298237,0.05192297031925021,-0.26543391590678794,0.051303165653495464,0.31673708156028346,-0.09396760739614973,0.03785634194528869,0.08267420301418443,64.94326241134752,34.970618034447824,51.23150962512665,14.939209726443769,-0.13172617224640548,1.0180236848621635,0.06474771974812836,0.35249513254104503,0.5517071017646921,0.31833833392907795,0.03587319912212039,3.0898199477082278,3.0539467485861076,0.1642612607953255,0.07464680585478664,0.22912519809424328,12.679331306990882,14.955927051671733,3.0441504339396386,10.93007447933185,0.9012767842106228,0.7484817016666662,0.09482684951106864,0.0708523842921985,0.5294742502532941,1.0127574589665647,0.48328320871327224,0.7461275501519743,0.050216890070921866,0.10535158004052696,0.7051671732522796,99.29280648429585,49.07700101317123,13.541033434650457,0.14077788762493557,1.4995557365798817,0.6077609379274626,0.5228095707619193,0.7798982391940598,0.5143889841423855,0.046382176405904064,3.821091820746684,3.7747096443407893,0.1994955573594039,0.10222307101187554,0.4045879099027962,13.490374873353597,15.102836879432624,2.5054869941339035,7.0796668347662,1.8163746391214388,0.2841096203951368,0.1028793888629666,0.08294852890516713,0.07449490374873356,0.5094322158054722,0.43493731205673763,0.28708345212765934,0.05999864741641339,0.13693322568389055,32.45542046605876,67.5354609929078,50.39868287740628,14.74772036474164,0.03407864806467146,0.3311457978233619,0.33760563893889045,0.49981707772588707,0.8910421967661802,0.49461198519981037,0.055476459713234595,5.094883560677533,5.039407100964305,0.19482666152861317,0.08177722580479264,0.2721572200699894,11.643363728470112,15.125633232016211,3.3156730380857846,12.588163821626559,2.1662612727782995,0.9993531432425233,0.07367672947492333,0.0528295299810514,0.8473028394185473,1.2435546398092718,0.39625180039072383,0.9938922750320431,0.036409137652879286,0.0742753173394285,0.0,100.0,47.27608915906788,15.162613981762918,0.39469881573708304,2.071430822116,1.0101142966144825,0.42554414912747535,0.5906851989864254,0.40101580660730396,0.0325430100357854,2.799629915810597,2.767086905774806,0.18114681540261934,0.09689258358577697,0.3509152697006168,13.848024316109422,15.250759878419453,2.3743539358266705,6.256043791780898,1.1102214927404623,0.020263424518743668,1.1338915377469811,3.0,30.0,4.0,Cuet2,Hand,2.0,,
0,-0.11103859648484836,0.07473414632764094,0.05657600774828269,-0.32538360808080846,0.07477403131313123,0.4001576393939394,-0.11248393484848485,0.04122532626262623,0.0898532426767678,73.9888888888889,25.85757575757576,49.987878787878785,18.560606060606062,-0.09375134215477528,2.7393022592671157,0.06771984943937302,0.4495153321941858,0.5707564463419567,0.33563750960981825,0.05804277802468238,3.218580874859409,3.160538096834722,0.2678146699068013,0.10763068325221448,0.2912658335605338,14.545454545454545,14.928282828282828,2.813236808731369,10.244973163297148,1.2106709864569107,0.7853282053939394,0.08569688313805542,0.061387970720403945,0.5856972707070717,1.0862680656565658,0.5005707949494955,0.781720492929294,0.04349667777777775,0.09103006919191911,0.06464646464646465,99.93535353535354,49.11616161616162,17.565656565656564,0.339956773338535,3.5810173608886773,0.6483116895169022,0.5451673075382119,0.6389580098558562,0.43409239630947044,0.05929974741570296,3.1789544762355724,3.1196547288198673,0.3010940358509044,0.14769364656718403,0.46942842526577033,15.583838383838383,15.112121212121211,2.3362065173720237,7.0318960804371855,1.683476247655038,-0.3784589361111112,0.0978966451226565,0.07736328251272723,-0.626242172727273,-0.17951685252525215,0.4467253202020198,-0.3727392863636362,0.055080777777777805,0.12389739924242418,86.19393939393939,13.802020202020202,51.067676767676765,16.22828282828283,-0.13769890308026903,0.8203082749833221,0.3228242255972033,0.5182108480948291,0.8173260252130069,0.46694975168342656,0.05431681849828474,4.623641431215282,4.5693246127169935,0.23862270888124046,0.10562394400956367,0.32634313303001156,12.732323232323232,15.046464646464646,3.1007143773062844,11.389250754862054,2.0697919934233084,1.008198121316637,0.08869348660983213,0.06196632388537412,0.82637981302512,1.3389219418016927,0.5125421287765743,1.0012147447613926,0.042592069964049,0.08750980869487164,0.0,100.0,47.593939393939394,17.424242424242426,0.4891247364688447,3.8508335352588525,1.0388557645534773,0.5523996775747007,0.6690151210654255,0.4451396386031628,0.06489871086159617,3.3464200235979122,3.2815213127363125,0.2971389219669141,0.14320808625394085,0.4580460492534743,15.66868686868687,15.237373737373737,2.211555384100707,6.218438091997338,2.0770865790389608,0.07575757575757576,1.2263760587951968,3.0,30.0,18.0,Cuet2,Side,2.0,,
0,-0.11079529398260878,0.04378271534489954,0.03533670603165214,-0.20682223652173895,-0.017346566956521668,0.1894756695652173,-0.10845528521739137,0.027349731304347785,0.05961910304347821,72.93913043478261,27.01913043478261,51.431304347826085,14.732173913043479,-0.09947920360906244,0.24866428798873422,0.07141996514949481,0.22865767572999615,0.37038476874928083,0.22371229135036302,0.02447780688404962,2.033191137857023,2.0087133309729746,0.0861986952039125,0.04193982084664444,0.1688431094940232,13.944347826086956,15.34086956521739,2.6652188192487674,8.644145374585246,0.3706733495954049,0.829884442365218,0.05977149199468127,0.046915060259826065,0.6865010573913041,0.9760755391304345,0.28957448173913036,0.8304334886956521,0.036207452173912996,0.07493660130434779,0.01391304347826087,99.98608695652175,50.26086956521739,14.711304347826086,0.006535001106043588,0.3899099413292807,0.7066093514095401,0.3457603810320478,0.48385397887719545,0.33369024138050957,0.021470005196914572,2.3510763747634877,2.329606369566571,0.13288560190654675,0.08147969947445781,0.3388830351973718,14.652173913043478,15.460869565217392,2.276470095265374,5.849271227910417,0.5653806888214999,0.3095012185913042,0.06596658010835343,0.05404741618191305,0.17285235130434778,0.44694131652173924,0.27408896521739123,0.31016704086956537,0.0428174034782608,0.0939004030434783,20.930434782608696,79.0591304347826,50.25391304347826,15.316521739130435,-0.005366416888214427,-0.10902075594081805,0.21094777113660962,0.3379728956765032,0.563033147254249,0.3312564472286225,0.032578609295167316,3.1826530334401246,3.1500744241449543,0.1305184465835401,0.06100251197729942,0.21754799457152127,12.224347826086957,15.29391304347826,3.146870985107048,11.606433808733962,0.7353072472266995,0.9929980074726481,0.043891760991677235,0.03350684567523872,0.8858275925502883,1.1123779469072297,0.22655035435694285,0.9923710312465992,0.025678897752012587,0.05172550112448612,0.0,100.0,49.11826086956522,15.808695652173913,0.11789687350768502,0.7034267496173903,0.9889770876956436,0.26590525370940366,0.3460541099421535,0.24764591529271823,0.012760109805862568,1.5834048768197733,1.5706447670139119,0.1129936464956531,0.07285739493082564,0.27129393325393697,15.179130434782609,15.629565217391304,2.073094947035162,4.5187732569807455,0.28781837760019363,0.0017391304347826088,1.0850777086394203,4.0,20.0,4.0,Cuet2,Hand,2.0,,
0,-0.011333736329113915,0.10984904207888077,0.09202789153265821,-0.23004952151898725,0.2100816354430381,0.4401311569620257,-0.016954539240506265,0.06844832278481014,0.16278935189873425,46.47594936708861,53.473417721518985,49.620253164556964,14.916455696202531,-0.018505895590263357,0.588716895604753,0.053560923391141185,0.5263738028038129,0.9557826053169538,0.5199565582648071,0.07352129056941571,5.731408461443814,5.657887170874405,0.1938544361449561,0.08354881439729944,0.34002182965649524,14.103797468354431,15.126582278481013,2.9535108613609795,11.066334416408452,2.6993849994952517,0.6606542158734181,0.11692490331297825,0.09141400259645575,0.3905000151898731,0.9607826810126577,0.5702826658227844,0.6560353556962027,0.07020710126582276,0.14664817721518994,0.8962025316455696,99.09367088607596,49.74683544303797,14.169620253164556,0.015321467527680769,1.2886318865597712,0.5621359362127324,0.6511630042592601,0.9626983344221834,0.648063976653945,0.05120840195875944,4.806669966883183,4.755461564924426,0.2322987457960126,0.13294240039142716,0.6047252425896603,15.09873417721519,15.2,2.1429173295317154,5.3665460540737095,2.482010113885643,0.29621735235443025,0.11292065693294129,0.08984869346126584,0.06213548354430391,0.5677679772151907,0.5056324936708867,0.2897095253164562,0.0681383088607594,0.14598569620253168,44.49873417721519,55.50126582278481,49.678481012658224,16.1873417721519,0.023615207777857708,0.8459169752412536,0.4211967615492999,0.5752393473206581,0.9604280236209761,0.5737530434795403,0.04403399417203292,5.36326015444982,5.319226160277786,0.21407296808226622,0.10862049698908562,0.40422149709509864,13.893670886075949,15.177215189873417,2.6840281706240696,9.040608351593786,2.439069934665141,1.005774105150063,0.10581251767191233,0.08302174551130874,0.7940962502173872,1.3039743837489248,0.5098781335315374,0.9937082377900193,0.06502534484846152,0.13507611918217516,0.0,100.0,47.20506329113924,15.805063291139241,0.3473922845234012,1.5561627028336498,1.0368936211531736,0.5644962070486662,0.8848485797991184,0.5593503600168988,0.03799625906628798,4.737274537268474,4.699278278202188,0.20797512225727066,0.11905496592164551,0.49236645709344384,15.443037974683545,15.167088607594936,2.242993810062831,6.312945346354365,2.270993510488974,0.40759493670886077,1.8375928818532634,4.0,20.0,19.0,Cuet2,Side,4.0,,
0,0.09444853568600352,0.0777067016553968,0.06042510446123379,-0.10638858011049694,0.27451636832412496,0.38090494843462375,0.09385378591160243,0.044380390883977924,0.09771219854972385,35.683241252302025,64.22651933701657,50.033149171270715,14.522099447513812,-0.04750028796926302,0.9999463712773337,0.0787191364034499,0.42171626084388486,0.6409355221426536,0.3869663129109775,0.0438886466464073,3.493443942071431,3.449555295425023,0.1851512054114391,0.09389571174710665,0.3239925014713351,13.128913443830571,15.090699815837937,2.9003860683015388,9.913302574678792,1.1684221681650344,0.5011031678499073,0.11017532160935374,0.08407509543259668,0.25360540423572764,0.81395920718232,0.5603538029465938,0.49831186233885943,0.06186091390423577,0.13371464974677716,10.418508287292818,89.56307550644567,49.18232044198895,14.2707182320442,0.19257091730746245,1.3812392345436741,0.40432000952398545,0.6167853376888398,0.895156847104258,0.5603610383942508,0.05749293659046546,4.721781330249048,4.664288393658584,0.27954178121845935,0.14669832784791273,0.488502443257524,13.50598526703499,15.0939226519337,2.7474380179748015,8.878213463197905,2.2545482728694353,0.5923733981445654,0.09938070533960537,0.07472479890414356,0.3790078356353589,0.890942519797421,0.5119346841620626,0.5917625946132581,0.0547392338858195,0.1190866849677716,12.910681399631676,87.07826887661142,49.90055248618785,15.96132596685083,0.1994904301027105,1.664093934034431,0.5348805967383549,0.5633968968432366,0.7857541104243497,0.47350111761244085,0.07884552793287136,4.296444427321586,4.217598899388716,0.2928864562016611,0.12759045798097313,0.36888183694438303,12.785911602209945,15.161141804788214,2.8947132414754098,9.919515756693897,2.07429213959866,1.0008378001297642,0.07938954482284945,0.052976487415501206,0.845678983115767,1.3311546005041535,0.4854756173883875,0.9951679834440226,0.03609259137160641,0.07338682395170783,0.0,100.0,47.079189686924494,16.57412523020258,0.5757578801438438,3.324993414748847,1.0179197426657907,0.5181325914101477,0.5712343465205595,0.3955885181077937,0.07128984217371172,2.7282424854153144,2.6569526432416,0.311053516069933,0.1452378979833143,0.4116162579042459,14.675874769797423,15.205340699815839,2.216485253001694,5.507415379907757,1.5859098361472188,0.02578268876611418,1.1837752043412608,5.0,32.0,17.0,Cuet2,Hand,1.0,,
0,0.09861552796812742,0.1461331094013901,0.11016622214130149,-0.2834044023904387,0.4989109960159356,0.7823153984063735,0.09664725896414342,0.07630838711819392,0.16877498572377161,36.93891102257636,62.9867197875166,50.62018592297477,14.96148738379814,-0.007985121022702189,1.669287470034288,0.099304552069307,0.8349905417453324,1.1716955114892307,0.7353849177112849,0.08546561118575942,6.21681149084104,6.131345879655282,0.3941526061146673,0.20240586610975309,0.697196350028735,14.264276228419655,14.620185922974768,2.558782110058521,8.015912412386577,4.632127873630701,0.5711544990039842,0.1695931600803478,0.12653845385949525,0.20368245949535185,1.102701673306773,0.8990192138114207,0.5629723831341301,0.08890175431606899,0.19192864409030533,23.868525896414344,76.0996015936255,48.300132802124836,14.662682602921647,0.2719069703903465,2.054995402051286,0.5814749398686619,0.9762450620166999,1.3571177203966556,0.8689912863046314,0.09694467027835439,7.065888979336199,6.968944309057853,0.4544721449258758,0.24622884441695636,0.8252284350748038,14.657370517928287,14.848605577689243,2.374746126412465,6.791663369079136,6.1075681469889265,0.4356934036653396,0.14728056605717418,0.11335199526852589,0.11102941965471448,0.8523802443559092,0.7413508247011965,0.43143441899070345,0.08393013014608221,0.18198190338645415,16.143426294820717,83.79814077025232,49.39442231075697,16.169986719787516,0.1518956424628224,1.2918967713995244,0.399228183764433,0.8386862711508966,1.1848373122189062,0.7153672924902059,0.08321236367083665,6.573192226338501,6.489979862667661,0.4309466561456894,0.21027190502478185,0.5992802570156166,13.05179282868526,14.802124833997343,2.92922885313634,10.279185882968118,4.12680178081693,1.0139791559088214,0.1434066688928043,0.0998389788679816,0.7432458090963929,1.5768319070821073,0.8335860979857128,0.9957722118120115,0.06399858560172714,0.13505088811259533,0.0,100.0,45.75033200531208,16.07569721115538,0.6533483545462008,2.9729722076515133,1.0800076757024037,0.8961539127934145,1.0960749962184768,0.7525805430901842,0.07324502149752479,5.25485482662603,5.181609805128502,0.4731926719521523,0.27389458399014793,0.8336389659723291,15.377158034528552,14.828685258964143,2.1156493527979916,5.077495975520798,4.788607508972027,0.14873837981407703,1.3209829635715895,5.0,32.0,32.0,Cuet2,Side,2.0,,
0,,,,,,,,,,,,,,,,,,,,,,,,,,,,,,,,,,,,,,,,,,,,,,,,,,,,,,,,,,,,,,,,,,,,,,,,,,,,,,,,,,,,,,,,,,,,,,,,,,,,,,,,,,,,,,,,,,,,,,,,,,,,,0.0,Cuet2,Hand,0.0,,
0,0.17384351503381648,0.05219278920347149,0.04291405676115939,0.07010329371980673,0.2830047903381644,0.21290149661835783,0.17385169275362325,0.031628048792270456,0.07543440990338159,15.821256038647343,84.12463768115941,50.00676328502416,18.209661835748793,0.008951771211148329,0.5258369619003762,0.11078610809220826,0.26804340817304717,0.4417260190755331,0.23033867666456523,0.04580102302392296,2.7075269838339744,2.6617259608100468,0.13142816781004388,0.0493683640344266,0.14559795960128996,12.767149758454106,14.792270531400966,3.296073862326801,13.24170377537866,0.7074504791521631,0.8778265456425125,0.04683872516413858,0.036561716326956414,0.7662109555555567,0.9973250570048321,0.23111410144927538,0.8772419062801946,0.027730434782608657,0.05963664420289854,0.001932367149758454,99.99806763285024,49.593236714975845,17.488888888888887,0.03927451195499019,1.3483854104778792,0.7998084547164236,0.26871112960527366,0.37375144974091384,0.22834242359412418,0.030494742573526648,2.056801556976786,2.026306814403263,0.13682434457956708,0.06752512859617511,0.2034337628006664,15.18743961352657,14.910144927536232,2.4102167188158528,7.475874231447613,0.4783015561146611,0.04516846220289857,0.04899070029114398,0.039955738410434656,-0.0540884937198068,0.14876532946859897,0.20285382318840567,0.04567603429951698,0.030249553623188333,0.06817777198067614,48.117874396135264,51.82028985507247,50.37294685990338,17.314009661835748,0.011107542629165286,0.24139705711758364,0.07534241974299326,0.2429896742037088,0.4200116762527895,0.2323063635544462,0.027500552111122283,2.4058216633001894,2.3783211111890727,0.10226586679210595,0.042753750856002935,0.13457058873282238,12.421256038647343,15.077294685990339,3.1116185545892185,11.632018353802486,0.4838323063360754,0.9912980165104951,0.03887265370899732,0.029456759093242715,0.8948639773012116,1.097315438479188,0.20245146117797785,0.990657997324338,0.021663664961369383,0.04532304982608337,0.0,100.0,49.2,18.223188405797103,0.08970986927227417,1.4104224452774705,0.9859369825516255,0.22699163410297168,0.30682513044690496,0.19524888591459194,0.018754354002823378,1.5949706139501159,1.5762162599472918,0.1156345982824086,0.06120873785289674,0.1826199644546482,15.327536231884057,15.040579710144927,2.3279941221430236,6.79794412897614,0.2892278293175746,0.09758454106280193,1.3599772170186586,6.0,10.0,10.0,Cuet2,Side,5.0,,
0,0.19577163266937656,0.06437499443899454,0.050854156425203266,0.04883413279132783,0.35813217208672116,0.30929803929539296,0.19481922696476964,0.03885009688346882,0.08265309214092136,9.829268292682928,90.14634146341463,49.860433604336045,16.291327913279133,0.02682657868779455,0.6111741854210574,0.09458583406166442,0.3634873620212198,0.5236206359114556,0.3295075977439603,0.02890559315937279,2.825717660318537,2.796812067159166,0.16376556951704502,0.09183765280116096,0.3263836832073849,15.90650406504065,15.28319783197832,2.240996387731171,6.477898699411829,0.9038139001511724,0.6204835060027104,0.09501531534491806,0.0738573626598917,0.39011555420054234,0.8669326056910571,0.4768170514905149,0.6202274166666668,0.05579034417344175,0.1170933255420055,1.7208672086720866,98.2710027100271,49.9579945799458,15.16260162601626,0.03868589513438562,0.8198718355910131,0.48152126125128897,0.5723306321539173,0.7507067300008154,0.5302360853894632,0.03970367435937101,3.6072042266376405,3.5675005522782692,0.24404620239769692,0.14703079857795576,0.5936452994507632,15.663956639566395,15.20460704607046,2.0156841362414055,4.553545114031779,1.7463355027557483,0.5595175193224936,0.09611133576588668,0.07187199746476963,0.33575110433604344,0.8704974214092132,0.53474631707317,0.5611986490514902,0.05327484620596193,0.11215185738482378,9.661246612466124,90.32249322493224,50.023035230352306,17.471544715447155,0.21855379511534406,1.7780362723742895,0.43809346847072106,0.6034223914021812,0.724400578990197,0.4856228251189723,0.055828059703873494,3.7270386943564975,3.671210634652625,0.3431117329574394,0.18779867256749663,0.5429972391523608,15.914634146341463,15.394308943089431,2.255696926654701,6.484326946084519,1.8530637817045603,1.0006675530323812,0.07618386958325794,0.05394152008741216,0.8325369313532456,1.2926592092799654,0.4601222779267199,0.9952297735698964,0.038904292056542486,0.07837067728174207,0.0,100.0,47.8970189701897,17.397018970189702,0.39298638772889266,2.2986773710565975,1.0142005637836733,0.5221443350893533,0.541330331668155,0.4017116671152365,0.05417243381873177,2.4404248609343537,2.3862524271156174,0.31119374032799557,0.17694327566928536,0.5189858324974875,16.761517615176153,15.422764227642276,1.780823669372011,3.2938147745100124,1.2502523219247772,0.05013550135501355,1.2657904834248384,7.0,112.0,32.0,Cuet2,Hand,1.0,,
0,-0.21383478670411976,0.22610687324626264,0.18407416109662922,-0.7528354756554309,0.245280290262172,0.9981157659176024,-0.21146318164794004,0.15303652247191005,0.3249700519662925,60.56741573033708,39.3876404494382,50.68726591760299,13.089887640449438,-0.09405899497925681,0.8192215058785385,0.32115075888327377,1.1336053815187843,1.9300697230298074,1.062839422734913,0.12345793196159328,11.653618307592348,11.530160375630745,0.47694835059729346,0.23959103717502475,0.8220021167758037,13.54868913857678,14.327715355805243,3.115050403204826,12.45729351103701,9.644913691727025,0.20652904779026202,0.170219559239648,0.13074833584644188,-0.2052557734082394,0.6865743838951315,0.891830157303371,0.19829225093632954,0.09954181367041183,0.20739405383895163,37.61048689138577,62.352059925093634,48.71910112359551,15.318352059925093,0.13783020157342285,1.464268463345311,0.20066492247679876,1.0013824376294103,1.3580991262239912,0.9034869075047471,0.06996946565004125,7.066074486789262,6.996105021139219,0.4635550047081595,0.28901165452820615,0.9827395167807305,15.273408239700375,14.745318352059925,2.4454308841077093,7.863994680056266,4.39338185779697,0.6881878485580526,0.2798890055596014,0.21289178519176008,0.17784765917602982,1.664479659176032,1.4866319999999986,0.6560682368913859,0.15879323501872666,0.34329178043071185,6.655430711610487,93.33333333333333,47.69850187265918,16.262172284644194,0.3942942042732446,2.7477678843865245,0.7263987309430979,1.580031607028038,2.2724696148430943,1.3498915516238952,0.19225185457313437,12.905308778507104,12.71305692393398,0.797044924624547,0.3957893439187286,1.2229422602022568,14.820224719101123,14.397003745318353,2.629347433268952,9.008625604676748,16.952625726283962,1.0506513274500937,0.2490097786512835,0.18326602521609692,0.6288505103000189,2.0139463781458344,1.3850958678458114,1.0110652021209798,0.129475448985527,0.2741665535432525,0.0,100.0,44.70037453183521,15.829588014981274,0.769416991076442,3.2295449038227506,1.2482144123031687,1.463776305946043,1.9774616912316305,1.2314260106131771,0.19165692221867817,10.863560551791393,10.671903629572716,0.7365876757374584,0.36652854214577135,1.1989173709021022,14.799625468164795,14.200374531835205,2.6004368141664975,8.722301080004076,12.497523990535194,0.0749063670411985,1.3666417289196182,7.0,112.0,52.0,Cuet2,Side,4.0,,
0,-0.12115011863165147,0.052928037009456246,0.04051337126095368,-0.230481278507256,0.024584139599170576,0.2550654181064272,-0.12175850967518981,0.02887765134761571,0.0636135312715963,67.15134761575673,32.77816171389081,50.33102971665515,14.597788527988943,0.09793235301441419,1.041178924864013,0.05950474678056359,0.2779403623066976,0.4421899224579419,0.26097107666251135,0.03365270024455628,2.409391317892769,2.3757386176482096,0.12331613739239208,0.0593547199517488,0.18085906015907843,12.352453351762266,15.135452660677263,2.9547025234579856,10.102684966020314,0.6359448114738332,0.5462856525155488,0.08601686734639004,0.06309812841879749,0.3642961610228059,0.8218135466482396,0.45751738562543237,0.544654882170007,0.04393676986869374,0.0957297900829301,9.68279198341396,90.29647546648238,49.43469246717346,13.128541810642709,0.19762844185860612,1.3866494444672517,0.42737251144869515,0.48933145733443356,0.6856707794880333,0.43621946259220296,0.06686918022417869,3.486811648949284,3.419942468725106,0.23193376683690467,0.10917339944996995,0.34287392153696533,12.581202487906012,15.09675190048376,2.7161556388834422,8.340226116758307,1.839743542152923,0.6404192271596402,0.07892997417696901,0.05908606067753972,0.4938975867311683,0.8937105736005554,0.3998129868693849,0.6369158013130616,0.042055212854181,0.0937885174498963,4.791983413959917,95.19419488597097,49.2480995162405,15.826537664132688,0.22840185084505576,1.4569846376039135,0.5361996295415602,0.44044510774424794,0.6294374644832622,0.37138873716179666,0.06909750030092293,3.4489155826470657,3.3798180823461372,0.2292254749207863,0.09301590021963538,0.2634861267913667,12.261921216309606,15.132688320663442,2.9585993685614937,10.183357051901456,1.7386653549793065,1.0021982495808321,0.06904821353810987,0.045174172461387864,0.8818467207001308,1.2918144362622712,0.40996771556214096,0.9969874573342261,0.030669295945678358,0.062238222315067954,0.0,100.0,47.33586731167934,15.74637180373186,0.45068435764567233,2.109361331342447,1.023076887770819,0.4328744853862876,0.5120301455468557,0.34720915019102566,0.060029819590043706,2.466465869092498,2.4064360495024553,0.24724608648727178,0.1175889157484641,0.32071273889280294,13.035245335176226,15.175535590877677,2.5218898245296555,7.039652379060571,1.8430840754450488,0.02902557014512785,1.2082482955828244,8.0,37.0,21.0,Cuet2,Hand,1.0,,
0,-0.022815495547445285,0.25842084722290537,0.18366824948540156,-0.8344065948905103,0.8834501076642332,1.7178567025547438,-0.03432631021897803,0.12717258759124095,0.2782843170620439,57.46167883211679,42.410583941605836,47.51459854014598,13.691605839416058,0.11141937105388308,4.338924593263219,0.1671479242653929,1.646276278665187,1.853057403308808,1.1219876507895556,0.29242103850177686,10.6573207971718,10.364899758670036,1.1178083267386059,0.46974233008980365,1.1725725528908164,14.456204379562044,13.636861313868613,2.9905724074012645,11.872244119328872,12.184670269925864,0.6542744321715327,0.4069438994120064,0.25742265678795584,0.07279890510948922,2.743322386861311,2.6705234817518284,0.5817475821167879,0.15488125547445267,0.3363430173357662,7.25,92.7463503649635,43.8521897810219,12.244525547445255,1.2282751143300539,7.416718880077171,0.8168032237924594,2.69555960533791,2.89109159124838,1.8382363923873464,0.5543692276009367,15.66769476111468,15.113325533513754,1.8010434824107242,0.7840858202631793,2.0407456680518026,14.55109489051095,13.319343065693431,2.5907574700127984,8.369602779398443,33.32440899615661,0.5481679329562033,0.2971230476152053,0.17504518120218965,-0.1419501551094894,2.179639038321166,2.321589193430662,0.5078832098540152,0.09959996167883217,0.21132013138686123,7.2773722627737225,92.71167883211679,44.71350364963504,13.262773722627736,1.1557097786020663,7.280181022143164,0.561239273048643,2.222479257146843,1.7813623669026655,1.2285856912001811,0.6565234493573985,9.553529757029807,8.897006307672406,1.686875093389894,0.5935329503360414,1.5513148235427474,14.704379562043796,13.77919708029197,2.4973679420323243,8.07938690280835,19.235428642230744,1.05330038147906,0.42590639084802523,0.2496457983491766,0.6239455032238056,3.585400355249844,2.961454852026047,0.960252536872894,0.12039360401767013,0.2608226944236344,0.0,100.0,40.753649635036496,13.293795620437956,1.6474153446684012,8.951600435591564,1.5451904211064946,2.9700691738559075,2.9216238558316605,1.953764356322159,0.7778644624124421,14.91559125999845,14.13772679758602,1.9589425732098504,0.8192303429943166,2.294194902462982,14.773722627737227,13.388686131386862,2.3641806798562124,6.301584635455469,42.780051296583174,0.17518248175182483,1.567143721700675,8.0,37.0,37.0,Cuet2,Side,2.0,,
0,0.22425354594059407,0.054567281079148676,0.042432932575780645,0.07905440441736467,0.3500482932216294,0.2709938888042651,0.2233198145468394,0.0319259055597867,0.06914872124904792,11.693830921553694,88.26961157654227,49.85833968012186,18.108149276466108,-0.05580735679067237,1.1331552552829498,0.10621159836330554,0.30721098859839946,0.44169647078808744,0.26470100437704286,0.02451807307679585,2.429960260381972,2.4054421873051752,0.15696644969874105,0.08317614053574608,0.2417921569437263,14.7006854531607,15.146991622239147,2.630143624184234,8.83812695133898,0.7698811063554643,0.7313383732825595,0.07081665593026218,0.050456832982178144,0.566055980959635,0.9731945521706005,0.40713857121096725,0.729071731530846,0.03468940213252087,0.07211772105864424,0.08225437928408226,99.91774562071592,49.169078446306166,16.523990860624522,0.2390112091823953,1.7615166986623707,0.5844536781496771,0.44831731062370955,0.5403611522405936,0.3895411201108479,0.030322693336333324,2.484407854678401,2.454085161342068,0.2241600736038935,0.13956366843314003,0.4584596837044287,15.702970297029703,15.255902513328255,2.0554185206824482,4.918156652886761,1.273665977754629,0.337126069032749,0.0738215026228094,0.05750254039771519,0.16844112261995525,0.5248378682406691,0.3563967456207158,0.3388802303884234,0.04096967364813403,0.09094687433358711,19.455445544554454,80.51713632901752,50.25894897182026,17.957349581111956,0.05857838449909491,0.8027859696233589,0.3185914835494761,0.42060236171003396,0.59660544341799,0.3630227553588094,0.03490969714661699,3.2518550989947475,3.216945401848126,0.2132061976631759,0.10804774780652075,0.3117989548268981,14.036557501904037,15.265803503427266,2.665248035203821,8.681795813169384,1.3674698709956754,0.9985436654719484,0.062415955956969624,0.04183155025862083,0.8612383296936926,1.2432531094070955,0.382014779713403,0.9947868707250486,0.027050310831165388,0.05507283315418877,0.0,100.0,48.02665651180503,18.41203351104341,0.4188654427866878,2.6456158347701377,1.0092567600624587,0.4136931085542234,0.4596710480471743,0.3409603596229644,0.032502501038449885,2.028925620305147,1.9964231192666986,0.22343628646738303,0.13326225727559488,0.4221715139139908,16.186595582635185,15.252094440213252,1.9053442029583971,4.10626287912317,1.191947605244793,0.02817974105102818,1.2961537908209733,10.0,109.0,31.0,Cuet2,Hand,0.0,,
0,-0.14259137395711521,0.22795440441471512,0.17359582118362557,-0.8603262358674464,0.4194383567251462,1.2797645925925922,-0.1364977329434697,0.13155918615984413,0.28196531725146207,59.83235867446394,40.06627680311891,51.69005847953216,16.536062378167642,-0.29665511862196015,2.440169390587162,0.2652135347062853,1.3334710975075206,1.7804014485046273,1.0419340861846504,0.16921684181355948,10.392883987664037,10.223667145850483,0.758009007133128,0.3197993818147552,0.8873314968328632,14.465886939571151,14.444444444444445,3.0441140214863283,12.202645536170435,10.179640145653325,0.5045838497076023,0.20406644717850295,0.1481954077563352,0.037053037037036975,1.253051918128654,1.215998881091618,0.4929926744639377,0.10927416471734896,0.2286656437621832,5.454191033138401,94.5458089668616,47.63157894736842,17.103313840155945,0.5319678535566266,3.9238811239630556,0.4094500982573727,1.2873119032385483,1.5264724766704083,1.0048670627525544,0.12152445435459516,8.190983195540989,8.069458741186384,0.747443663889759,0.38219708241171046,1.1231064242869713,16.65497076023392,14.807017543859649,2.159732749849717,6.496535456334786,8.326106138692106,0.41061349056530255,0.22557063082933104,0.17343737860896685,0.024611711500974565,1.2084474717348923,1.1838357602339185,0.37810721929824553,0.13112444931773878,0.28754602923976674,33.06432748538012,66.91617933723197,47.267056530214425,16.964912280701753,0.4772646125617928,2.403472627990426,0.5112774834050408,1.297804400056941,1.8001884052683894,1.0493926924349686,0.13822042394003703,10.65254058832901,10.51432016438898,0.6979632769304803,0.3346103825993577,0.9837192684710944,14.970760233918128,14.742690058479532,2.8001677336982915,10.412472397694225,9.843091006880856,1.033825779755088,0.228835261232816,0.1597423382035062,0.6707209622632145,2.039457527842332,1.3687365655791173,1.0048454224554322,0.11719625836848457,0.24173258165395783,0.0,100.0,45.1812865497076,18.031189083820664,1.0192311517277168,5.072274048951952,1.185941116368699,1.454194812378859,1.7089741189195038,1.1499557292441178,0.1613456850445567,8.914469492989586,8.75312380794503,0.8012992296891699,0.41463093852522487,1.3212577889495059,16.867446393762183,14.9317738791423,2.093779270399091,6.175777493580723,10.866982221606376,0.009746588693957114,1.2426524182272949,10.0,109.0,48.0,Cuet2,Side,2.0,,
0,0.5659803867647059,0.017006003895137883,0.013459163247058776,0.5242239264705882,0.6121270294117647,0.08790310294117643,0.5666169485294117,0.009898419117647009,0.0222917904411764,0.0,100.0,49.89705882352941,20.073529411764707,0.07129256194440478,0.7758247999852694,0.3228062708935565,0.10820396937689696,0.12843830777483473,0.08230061440561076,0.00710923267069396,0.7221961933648202,0.7150869606941265,0.06515332933858524,0.0369571278956212,0.10163207069381591,17.808823529411764,15.411764705882353,2.2102331325660964,7.2704410761261355,0.05611716372878525,0.7887456701470591,0.03079422513153268,0.02289647678235289,0.7058355882352942,0.8796995000000001,0.1738639117647058,0.7896018382352943,0.01713622058823525,0.03508459558823525,0.0,100.0,50.911764705882355,17.308823529411764,0.05194463483446404,1.4016766733998325,0.6246336751792818,0.20702868576491973,0.22429618386859462,0.16718319169056858,0.015989367328950427,0.9929831545197157,0.9769937871907648,0.11349399107119326,0.06871251223277483,0.21904770153035424,16.941176470588236,15.676470588235293,1.6465495850476033,2.4653614684869884,0.14624677987356818,0.11094331941176466,0.05059515316525814,0.04012188861176468,-0.002729970588235296,0.22121158823529416,0.2239415588235294,0.112323875,0.028822801470588195,0.06558989705882352,25.897058823529413,74.01470588235294,51.0735294117647,16.794117647058822,-0.11207392132575504,0.3094291923976079,0.03476042904420351,0.26925649545433866,0.42493186895166213,0.24726098758916262,0.02459155370529965,2.3620619059390378,2.3374703522337383,0.11765868045706336,0.06041577481877384,0.18736638254361276,13.514705882352942,15.279411764705882,3.1130402282078817,11.632586569209627,0.5022221374797782,0.9906974550954042,0.021896596914517782,0.01566490937379736,0.9317066034842193,1.0639152110871672,0.13220860760294809,0.9903271316798377,0.01142847747173599,0.022900278778765232,0.0,100.0,49.338235294117645,18.985294117647058,0.21810851556885946,1.9984160602749217,0.9822003751170421,0.15553750826540325,0.15083991320296666,0.11612331800821235,0.01426709353813892,0.6608519824177407,0.6465848888796019,0.09464351559487537,0.051920834172934076,0.15545919358118862,17.426470588235293,15.617647058823529,1.5692288777382726,2.1864559558504575,0.07150100412278315,0.0,1.0373993041424572,12.0,3.0,1.0,Cuet2,Hand,1.0,,
0,0.5548308820091322,0.0840465312915287,0.06346216651141552,0.35704072146118737,0.7923940228310516,0.4353533013698631,0.5539959794520547,0.04525014840182646,0.10000439840182644,0.4200913242009132,99.57990867579909,49.205479452054796,16.105022831050228,0.17078541449002033,1.488529343363826,0.3761739824656355,0.48225622485901803,0.6745211300574105,0.4083445782493718,0.050084206337429334,3.7211888841424625,3.671104677805033,0.24236690173700948,0.12084234070462298,0.3868879660173068,13.442922374429223,14.579908675799087,3.4717174391379477,14.657641772764165,1.0413020525564955,0.435534427762557,0.09979003732097667,0.07776118008493145,0.22496499543378995,0.7052514657534247,0.4802864703196348,0.4307989657534245,0.05811266210045659,0.1255248915525114,1.7990867579908676,98.18264840182648,48.56164383561644,14.753424657534246,0.21482023769605382,1.0412332330452265,0.26645162027480895,0.5471204246803949,0.8224060409954682,0.500268512996984,0.05496331215195608,4.59005292497018,4.535089612818225,0.2346957684662214,0.11762961281364001,0.46084544274897543,13.80365296803653,14.867579908675799,3.1313959785444165,12.063724153376421,1.4169077012685691,-0.0076272734703195615,0.1178683953994372,0.09667641716712325,-0.25580105936073044,0.2182996894977169,0.47410074885844783,-0.00711199315068497,0.06959984474885843,0.16300572602739732,55.1324200913242,44.8675799086758,50.986301369863014,14.785388127853881,-0.08577414308206059,0.15202111619423211,0.37004190821425326,0.5635193007578887,1.0246423309081978,0.5315105766200658,0.0627729923356803,6.171934873269854,6.109161880934171,0.2418593391908251,0.10785574027685581,0.3312132236995746,11.639269406392694,14.666666666666666,3.7597108687209944,16.2203873068452,2.330279285184142,1.0021539134644961,0.0699152689765077,0.04841397407505872,0.8562400218866624,1.2501022623768143,0.3938622404901527,0.9958568026317535,0.03165990539975023,0.06630473638625778,0.0,100.0,45.9634703196347,15.922374429223744,0.6167755252430862,2.4721427931951654,1.0126675109546979,0.42466622692420114,0.5463624925044219,0.37484076624594237,0.03112826941550104,2.6033875498473233,2.5722592804318225,0.1998971390678023,0.10998700784845976,0.387070408886515,14.429223744292237,14.698630136986301,2.5478760976739356,7.709889963262281,0.8039512544745059,0.0319634703196347,1.099721852259076,12.0,3.0,3.0,Cuet2,Side,3.0,,
